"Identifier","ID","Forward","Reverse","primer_length_fw","primer_length_rev","Direction","Degeneracy_fw","Degeneracy_rev","Run","DeltaH_fw","DeltaS_fw","Tm_C_fw","Tm_K_fw","DeltaH_rev","DeltaS_rev","Tm_C_rev","Tm_K_rev","melting_temp","melting_temp_diff","Basic_primer_coverage","Basic_Coverage_Ratio","Basic_Binding_Position_Start_fw","Basic_Binding_Position_End_fw","Basic_Binding_Position_Start_rev","Basic_Binding_Position_End_rev","Basic_Binding_Region_Allowed","Basic_Binding_Region_Allowed_fw","Basic_Binding_Region_Allowed_rev","Basic_Nbr_of_mismatches_fw","Basic_Nbr_of_mismatches_rev","Basic_Mismatch_pos_fw","Basic_Mismatch_pos_rev","Basic_Covered_Seqs","Basic_Relative_Forward_Binding_Position_Start_fw","Basic_Relative_Forward_Binding_Position_End_fw","Basic_Relative_Forward_Binding_Position_Start_rev","Basic_Relative_Forward_Binding_Position_End_rev","Basic_Relative_Reverse_Binding_Position_Start_fw","Basic_Relative_Reverse_Binding_Position_End_fw","Basic_Relative_Reverse_Binding_Position_Start_rev","Basic_Relative_Reverse_Binding_Position_End_rev","Basic_Off_primer_coverage","Basic_Off_Coverage_Ratio","Basic_Off_Binding_Position_Start_fw","Basic_Off_Binding_Position_End_fw","Basic_Off_Binding_Position_Start_rev","Basic_Off_Binding_Position_End_rev","Basic_Off_Binding_Region_Allowed","Basic_Off_Binding_Region_Allowed_fw","Basic_Off_Binding_Region_Allowed_rev","Basic_Off_Nbr_of_mismatches_fw","Basic_Off_Nbr_of_mismatches_rev","Basic_Off_Mismatch_pos_fw","Basic_Off_Mismatch_pos_rev","Basic_Off_Covered_Seqs","Basic_Off_Relative_Forward_Binding_Position_Start_fw","Basic_Off_Relative_Forward_Binding_Position_End_fw","Basic_Off_Relative_Forward_Binding_Position_Start_rev","Basic_Off_Relative_Forward_Binding_Position_End_rev","Basic_Off_Relative_Reverse_Binding_Position_Start_fw","Basic_Off_Relative_Reverse_Binding_Position_End_fw","Basic_Off_Relative_Reverse_Binding_Position_Start_rev","Basic_Off_Relative_Reverse_Binding_Position_End_rev","Basic_primer_specificity","primer_coverage","Coverage_Ratio","Binding_Position_Start_fw","Binding_Position_End_fw","Binding_Position_Start_rev","Binding_Position_End_rev","Binding_Region_Allowed","Binding_Region_Allowed_fw","Binding_Region_Allowed_rev","Nbr_of_mismatches_fw","Nbr_of_mismatches_rev","Mismatch_pos_fw","Mismatch_pos_rev","Covered_Seqs","Relative_Forward_Binding_Position_Start_fw","Relative_Forward_Binding_Position_End_fw","Relative_Forward_Binding_Position_Start_rev","Relative_Forward_Binding_Position_End_rev","Relative_Reverse_Binding_Position_Start_fw","Relative_Reverse_Binding_Position_End_fw","Relative_Reverse_Binding_Position_Start_rev","Relative_Reverse_Binding_Position_End_rev","Off_primer_coverage","Off_Coverage_Ratio","Off_Binding_Position_Start_fw","Off_Binding_Position_End_fw","Off_Binding_Position_Start_rev","Off_Binding_Position_End_rev","Off_Binding_Region_Allowed","Off_Binding_Region_Allowed_fw","Off_Binding_Region_Allowed_rev","Off_Nbr_of_mismatches_fw","Off_Nbr_of_mismatches_rev","Off_Mismatch_pos_fw","Off_Mismatch_pos_rev","Off_Covered_Seqs","Off_Relative_Forward_Binding_Position_Start_fw","Off_Relative_Forward_Binding_Position_End_fw","Off_Relative_Forward_Binding_Position_Start_rev","Off_Relative_Forward_Binding_Position_End_rev","Off_Relative_Reverse_Binding_Position_Start_fw","Off_Relative_Reverse_Binding_Position_End_fw","Off_Relative_Reverse_Binding_Position_Start_rev","Off_Relative_Reverse_Binding_Position_End_rev","primer_specificity","coverage_model","T_EVAL_coverage_model","T_off_EVAL_coverage_model","stop_codon","T_EVAL_stop_codon","substitution","T_EVAL_substitution","Structure_fw","Structure_rev","Structure_deltaG_fw","Structure_deltaG_rev","Structure_deltaG","Self_Dimer_DeltaG","Self_Dimer_Structure","Self_Dimer_Idx1","Self_Dimer_Idx2","Cross_Dimer_DeltaG","Cross_Dimer_Structure","Cross_Dimer_Idx1","Cross_Dimer_Idx2","gc_clamp_fw","gc_clamp_rev","gc_ratio_fw","gc_ratio_rev","no_runs_fw","no_runs_rev","no_repeats_fw","no_repeats_rev","EVAL_primer_length","EVAL_gc_clamp","EVAL_gc_ratio","EVAL_no_runs","EVAL_no_repeats","EVAL_melting_temp_range","EVAL_self_dimerization","EVAL_secondary_structure","EVAL_primer_coverage","EVAL_primer_specificity","EVAL_melting_temp_diff","EVAL_cross_dimerization","constraints_passed"
"1fw","Sblattero1998|VK1back|1_fw","gacatccrgdtgacccagtctcc","",23,0,"fw",6,1,"Sblattero1998",-181126.673040153,-482.836998087954,63.65,336.8,NA,NA,NA,NA,63.65,8.14,61,0.983870967741935,"67,67,67,67,67,67,61,61,67,67,67,67,67,67,67,61,61,67,67,67,67,67,61,67,67,67,67,67,67,67,61,67,61,61,61,61,61,61,61,61,61,61,61,61,61,61,61,61,61,61,61,61,61,61,61,70,61,58,58,58,58","89,89,89,89,89,89,83,83,89,89,89,89,89,89,89,83,83,89,89,89,89,89,83,89,89,89,89,89,89,89,83,89,83,83,83,83,83,83,83,83,83,83,83,83,83,83,83,83,83,83,83,83,83,83,83,92,83,80,80,80,80","","","FALSE,FALSE,FALSE,FALSE,FALSE,FALSE,FALSE,FALSE,FALSE,FALSE,FALSE,FALSE,FALSE,FALSE,FALSE,FALSE,FALSE,FALSE,FALSE,FALSE,FALSE,FALSE,FALSE,FALSE,FALSE,FALSE,FALSE,FALSE,FALSE,FALSE,FALSE,FALSE,FALSE,FALSE,FALSE,FALSE,FALSE,FALSE,FALSE,FALSE,FALSE,FALSE,FALSE,FALSE,FALSE,FALSE,FALSE,FALSE,FALSE,FALSE,FALSE,FALSE,FALSE,FALSE,FALSE,FALSE,FALSE,FALSE,FALSE,FALSE,FALSE","FALSE,FALSE,FALSE,FALSE,FALSE,FALSE,FALSE,FALSE,FALSE,FALSE,FALSE,FALSE,FALSE,FALSE,FALSE,FALSE,FALSE,FALSE,FALSE,FALSE,FALSE,FALSE,FALSE,FALSE,FALSE,FALSE,FALSE,FALSE,FALSE,FALSE,FALSE,FALSE,FALSE,FALSE,FALSE,FALSE,FALSE,FALSE,FALSE,FALSE,FALSE,FALSE,FALSE,FALSE,FALSE,FALSE,FALSE,FALSE,FALSE,FALSE,FALSE,FALSE,FALSE,FALSE,FALSE,FALSE,FALSE,FALSE,FALSE,FALSE,FALSE","","0,0,1,1,0,0,0,0,0,0,0,0,0,0,1,1,1,0,0,0,0,1,1,0,0,1,0,0,1,2,2,2,5,5,5,5,6,5,5,5,5,5,5,6,5,5,5,5,5,5,5,5,6,5,5,6,2,6,6,6,6","","(),(),(2),(2),(),(),(),(),(),(),(),(),(),(),(2),(2),(2),(),(),(),(),(2),(2),(),(),(1),(),(),(2),(2,7),(2,7),(2,7),(3,6,7,8,19),(3,6,7,8,15),(3,6,7,8,19),(3,6,7,8,19),(3,4,6,7,8,15),(3,6,7,8,19),(3,6,7,8,19),(3,6,7,8,19),(3,6,7,8,15),(3,6,7,8,19),(3,6,7,8,19),(3,4,6,7,8,15),(3,6,7,8,19),(3,6,7,8,15),(3,6,7,8,15),(3,6,7,8,15),(3,6,7,8,15),(3,6,7,8,15),(3,6,7,8,15),(3,6,7,8,15),(3,6,7,8,14,15),(3,6,7,8,15),(3,6,7,8,15),(3,6,7,8,9,15),(7,8),(3,6,7,8,10,15),(3,6,7,8,10,15),(3,6,7,8,10,15),(3,6,7,8,10,15)","","1,2,3,4,5,6,7,8,9,10,11,12,13,14,15,16,17,18,19,20,21,22,23,24,25,26,27,28,29,30,31,32,33,34,35,36,37,38,39,40,41,42,43,44,45,46,47,48,49,50,51,53,54,55,56,58,59,61,62,63,64","-1,-1,-1,-1,-1,-1,-1,-1,-1,-1,-1,-1,-1,-1,-1,-1,-1,-1,-1,-1,-1,-1,-1,-1,-1,-1,-1,-1,-1,-1,-1,-1,-1,-1,-1,-1,-1,-1,-1,-1,-1,-1,-1,-1,-1,-1,-1,-1,-1,-1,-1,-1,-1,-1,-1,-1,-1,-1,-1,-1,-1","21,21,21,21,21,21,21,21,21,21,21,21,21,21,21,21,21,21,21,21,21,21,21,21,21,21,21,21,21,21,21,21,21,21,21,21,21,21,21,21,21,21,21,21,21,21,21,21,21,21,21,21,21,21,21,21,21,21,21,21,21","","","256,256,256,256,256,256,256,256,256,256,256,256,256,256,256,256,256,256,256,256,256,256,256,256,256,256,256,256,256,256,256,256,271,271,271,271,271,274,271,271,271,271,271,271,274,256,256,256,259,256,256,256,256,256,259,259,274,256,256,256,256","234,234,234,234,234,234,234,234,234,234,234,234,234,234,234,234,234,234,234,234,234,234,234,234,234,234,234,234,234,234,234,234,249,249,249,249,249,252,249,249,249,249,249,249,252,234,234,234,237,234,234,234,234,234,237,237,252,234,234,234,234","","",61,0.983870967741935,"67,67,67,67,67,67,61,61,67,67,67,67,67,67,67,61,61,67,67,67,67,67,61,67,67,67,67,67,67,67,61,67,61,61,61,61,61,61,61,61,61,61,61,61,61,61,61,61,61,61,61,61,61,61,61,70,61,58,58,58,58","89,89,89,89,89,89,83,83,89,89,89,89,89,89,89,83,83,89,89,89,89,89,83,89,89,89,89,89,89,89,83,89,83,83,83,83,83,83,83,83,83,83,83,83,83,83,83,83,83,83,83,83,83,83,83,92,83,80,80,80,80","","","FALSE,FALSE,FALSE,FALSE,FALSE,FALSE,FALSE,FALSE,FALSE,FALSE,FALSE,FALSE,FALSE,FALSE,FALSE,FALSE,FALSE,FALSE,FALSE,FALSE,FALSE,FALSE,FALSE,FALSE,FALSE,FALSE,FALSE,FALSE,FALSE,FALSE,FALSE,FALSE,FALSE,FALSE,FALSE,FALSE,FALSE,FALSE,FALSE,FALSE,FALSE,FALSE,FALSE,FALSE,FALSE,FALSE,FALSE,FALSE,FALSE,FALSE,FALSE,FALSE,FALSE,FALSE,FALSE,FALSE,FALSE,FALSE,FALSE,FALSE,FALSE","FALSE,FALSE,FALSE,FALSE,FALSE,FALSE,FALSE,FALSE,FALSE,FALSE,FALSE,FALSE,FALSE,FALSE,FALSE,FALSE,FALSE,FALSE,FALSE,FALSE,FALSE,FALSE,FALSE,FALSE,FALSE,FALSE,FALSE,FALSE,FALSE,FALSE,FALSE,FALSE,FALSE,FALSE,FALSE,FALSE,FALSE,FALSE,FALSE,FALSE,FALSE,FALSE,FALSE,FALSE,FALSE,FALSE,FALSE,FALSE,FALSE,FALSE,FALSE,FALSE,FALSE,FALSE,FALSE,FALSE,FALSE,FALSE,FALSE,FALSE,FALSE","","0,0,1,1,0,0,0,0,0,0,0,0,0,0,1,1,1,0,0,0,0,1,1,0,0,1,0,0,1,2,2,2,5,5,5,5,6,5,5,5,5,5,5,6,5,5,5,5,5,5,5,5,6,5,5,6,2,6,6,6,6","","(),(),(2),(2),(),(),(),(),(),(),(),(),(),(),(2),(2),(2),(),(),(),(),(2),(2),(),(),(1),(),(),(2),(2,7),(2,7),(2,7),(3,6,7,8,19),(3,6,7,8,15),(3,6,7,8,19),(3,6,7,8,19),(3,4,6,7,8,15),(3,6,7,8,19),(3,6,7,8,19),(3,6,7,8,19),(3,6,7,8,15),(3,6,7,8,19),(3,6,7,8,19),(3,4,6,7,8,15),(3,6,7,8,19),(3,6,7,8,15),(3,6,7,8,15),(3,6,7,8,15),(3,6,7,8,15),(3,6,7,8,15),(3,6,7,8,15),(3,6,7,8,15),(3,6,7,8,14,15),(3,6,7,8,15),(3,6,7,8,15),(3,6,7,8,9,15),(7,8),(3,6,7,8,10,15),(3,6,7,8,10,15),(3,6,7,8,10,15),(3,6,7,8,10,15)","","1,2,3,4,5,6,7,8,9,10,11,12,13,14,15,16,17,18,19,20,21,22,23,24,25,26,27,28,29,30,31,32,33,34,35,36,37,38,39,40,41,42,43,44,45,46,47,48,49,50,51,53,54,55,56,58,59,61,62,63,64","-1,-1,-1,-1,-1,-1,-1,-1,-1,-1,-1,-1,-1,-1,-1,-1,-1,-1,-1,-1,-1,-1,-1,-1,-1,-1,-1,-1,-1,-1,-1,-1,-1,-1,-1,-1,-1,-1,-1,-1,-1,-1,-1,-1,-1,-1,-1,-1,-1,-1,-1,-1,-1,-1,-1,-1,-1,-1,-1,-1,-1","21,21,21,21,21,21,21,21,21,21,21,21,21,21,21,21,21,21,21,21,21,21,21,21,21,21,21,21,21,21,21,21,21,21,21,21,21,21,21,21,21,21,21,21,21,21,21,21,21,21,21,21,21,21,21,21,21,21,21,21,21","","","256,256,256,256,256,256,256,256,256,256,256,256,256,256,256,256,256,256,256,256,256,256,256,256,256,256,256,256,256,256,256,256,271,271,271,271,271,274,271,271,271,271,271,271,274,256,256,256,259,256,256,256,256,256,259,259,274,256,256,256,256","234,234,234,234,234,234,234,234,234,234,234,234,234,234,234,234,234,234,234,234,234,234,234,234,234,234,234,234,234,234,234,234,249,249,249,249,249,252,249,249,249,249,249,249,252,234,234,234,237,234,234,234,234,234,237,237,252,234,234,234,234","","",0,61,0.983870967741935,"67,67,67,67,67,67,61,61,67,67,67,67,67,67,67,61,61,67,67,67,67,67,61,67,67,67,67,67,67,67,61,67,61,61,61,61,61,61,61,61,61,61,61,61,61,61,61,61,61,61,61,61,61,61,61,70,61,58,58,58,58","89,89,89,89,89,89,83,83,89,89,89,89,89,89,89,83,83,89,89,89,89,89,83,89,89,89,89,89,89,89,83,89,83,83,83,83,83,83,83,83,83,83,83,83,83,83,83,83,83,83,83,83,83,83,83,92,83,80,80,80,80","","","FALSE,FALSE,FALSE,FALSE,FALSE,FALSE,FALSE,FALSE,FALSE,FALSE,FALSE,FALSE,FALSE,FALSE,FALSE,FALSE,FALSE,FALSE,FALSE,FALSE,FALSE,FALSE,FALSE,FALSE,FALSE,FALSE,FALSE,FALSE,FALSE,FALSE,FALSE,FALSE,FALSE,FALSE,FALSE,FALSE,FALSE,FALSE,FALSE,FALSE,FALSE,FALSE,FALSE,FALSE,FALSE,FALSE,FALSE,FALSE,FALSE,FALSE,FALSE,FALSE,FALSE,FALSE,FALSE,FALSE,FALSE,FALSE,FALSE,FALSE,FALSE","FALSE,FALSE,FALSE,FALSE,FALSE,FALSE,FALSE,FALSE,FALSE,FALSE,FALSE,FALSE,FALSE,FALSE,FALSE,FALSE,FALSE,FALSE,FALSE,FALSE,FALSE,FALSE,FALSE,FALSE,FALSE,FALSE,FALSE,FALSE,FALSE,FALSE,FALSE,FALSE,FALSE,FALSE,FALSE,FALSE,FALSE,FALSE,FALSE,FALSE,FALSE,FALSE,FALSE,FALSE,FALSE,FALSE,FALSE,FALSE,FALSE,FALSE,FALSE,FALSE,FALSE,FALSE,FALSE,FALSE,FALSE,FALSE,FALSE,FALSE,FALSE","","0,0,1,1,0,0,0,0,0,0,0,0,0,0,1,1,1,0,0,0,0,1,1,0,0,1,0,0,1,2,2,2,5,5,5,5,6,5,5,5,5,5,5,6,5,5,5,5,5,5,5,5,6,5,5,6,2,6,6,6,6","","(),(),(2),(2),(),(),(),(),(),(),(),(),(),(),(2),(2),(2),(),(),(),(),(2),(2),(),(),(1),(),(),(2),(2,7),(2,7),(2,7),(3,6,7,8,19),(3,6,7,8,15),(3,6,7,8,19),(3,6,7,8,19),(3,4,6,7,8,15),(3,6,7,8,19),(3,6,7,8,19),(3,6,7,8,19),(3,6,7,8,15),(3,6,7,8,19),(3,6,7,8,19),(3,4,6,7,8,15),(3,6,7,8,19),(3,6,7,8,15),(3,6,7,8,15),(3,6,7,8,15),(3,6,7,8,15),(3,6,7,8,15),(3,6,7,8,15),(3,6,7,8,15),(3,6,7,8,14,15),(3,6,7,8,15),(3,6,7,8,15),(3,6,7,8,9,15),(7,8),(3,6,7,8,10,15),(3,6,7,8,10,15),(3,6,7,8,10,15),(3,6,7,8,10,15)","","1,2,3,4,5,6,7,8,9,10,11,12,13,14,15,16,17,18,19,20,21,22,23,24,25,26,27,28,29,30,31,32,33,34,35,36,37,38,39,40,41,42,43,44,45,46,47,48,49,50,51,53,54,55,56,58,59,61,62,63,64","-1,-1,-1,-1,-1,-1,-1,-1,-1,-1,-1,-1,-1,-1,-1,-1,-1,-1,-1,-1,-1,-1,-1,-1,-1,-1,-1,-1,-1,-1,-1,-1,-1,-1,-1,-1,-1,-1,-1,-1,-1,-1,-1,-1,-1,-1,-1,-1,-1,-1,-1,-1,-1,-1,-1,-1,-1,-1,-1,-1,-1","21,21,21,21,21,21,21,21,21,21,21,21,21,21,21,21,21,21,21,21,21,21,21,21,21,21,21,21,21,21,21,21,21,21,21,21,21,21,21,21,21,21,21,21,21,21,21,21,21,21,21,21,21,21,21,21,21,21,21,21,21","","","256,256,256,256,256,256,256,256,256,256,256,256,256,256,256,256,256,256,256,256,256,256,256,256,256,256,256,256,256,256,256,256,271,271,271,271,271,274,271,271,271,271,271,271,274,256,256,256,259,256,256,256,256,256,259,259,274,256,256,256,256","234,234,234,234,234,234,234,234,234,234,234,234,234,234,234,234,234,234,234,234,234,234,234,234,234,234,234,234,234,234,234,234,249,249,249,249,249,252,249,249,249,249,249,249,252,234,234,234,237,234,234,234,234,234,237,237,252,234,234,234,234","","",61,0.983870967741935,"67,67,67,67,67,67,61,61,67,67,67,67,67,67,67,61,61,67,67,67,67,67,61,67,67,67,67,67,67,67,61,67,61,61,61,61,61,61,61,61,61,61,61,61,61,61,61,61,61,61,61,61,61,61,61,70,61,58,58,58,58","89,89,89,89,89,89,83,83,89,89,89,89,89,89,89,83,83,89,89,89,89,89,83,89,89,89,89,89,89,89,83,89,83,83,83,83,83,83,83,83,83,83,83,83,83,83,83,83,83,83,83,83,83,83,83,92,83,80,80,80,80","","","FALSE,FALSE,FALSE,FALSE,FALSE,FALSE,FALSE,FALSE,FALSE,FALSE,FALSE,FALSE,FALSE,FALSE,FALSE,FALSE,FALSE,FALSE,FALSE,FALSE,FALSE,FALSE,FALSE,FALSE,FALSE,FALSE,FALSE,FALSE,FALSE,FALSE,FALSE,FALSE,FALSE,FALSE,FALSE,FALSE,FALSE,FALSE,FALSE,FALSE,FALSE,FALSE,FALSE,FALSE,FALSE,FALSE,FALSE,FALSE,FALSE,FALSE,FALSE,FALSE,FALSE,FALSE,FALSE,FALSE,FALSE,FALSE,FALSE,FALSE,FALSE","FALSE,FALSE,FALSE,FALSE,FALSE,FALSE,FALSE,FALSE,FALSE,FALSE,FALSE,FALSE,FALSE,FALSE,FALSE,FALSE,FALSE,FALSE,FALSE,FALSE,FALSE,FALSE,FALSE,FALSE,FALSE,FALSE,FALSE,FALSE,FALSE,FALSE,FALSE,FALSE,FALSE,FALSE,FALSE,FALSE,FALSE,FALSE,FALSE,FALSE,FALSE,FALSE,FALSE,FALSE,FALSE,FALSE,FALSE,FALSE,FALSE,FALSE,FALSE,FALSE,FALSE,FALSE,FALSE,FALSE,FALSE,FALSE,FALSE,FALSE,FALSE","","0,0,1,1,0,0,0,0,0,0,0,0,0,0,1,1,1,0,0,0,0,1,1,0,0,1,0,0,1,2,2,2,5,5,5,5,6,5,5,5,5,5,5,6,5,5,5,5,5,5,5,5,6,5,5,6,2,6,6,6,6","","(),(),(2),(2),(),(),(),(),(),(),(),(),(),(),(2),(2),(2),(),(),(),(),(2),(2),(),(),(1),(),(),(2),(2,7),(2,7),(2,7),(3,6,7,8,19),(3,6,7,8,15),(3,6,7,8,19),(3,6,7,8,19),(3,4,6,7,8,15),(3,6,7,8,19),(3,6,7,8,19),(3,6,7,8,19),(3,6,7,8,15),(3,6,7,8,19),(3,6,7,8,19),(3,4,6,7,8,15),(3,6,7,8,19),(3,6,7,8,15),(3,6,7,8,15),(3,6,7,8,15),(3,6,7,8,15),(3,6,7,8,15),(3,6,7,8,15),(3,6,7,8,15),(3,6,7,8,14,15),(3,6,7,8,15),(3,6,7,8,15),(3,6,7,8,9,15),(7,8),(3,6,7,8,10,15),(3,6,7,8,10,15),(3,6,7,8,10,15),(3,6,7,8,10,15)","","1,2,3,4,5,6,7,8,9,10,11,12,13,14,15,16,17,18,19,20,21,22,23,24,25,26,27,28,29,30,31,32,33,34,35,36,37,38,39,40,41,42,43,44,45,46,47,48,49,50,51,53,54,55,56,58,59,61,62,63,64","-1,-1,-1,-1,-1,-1,-1,-1,-1,-1,-1,-1,-1,-1,-1,-1,-1,-1,-1,-1,-1,-1,-1,-1,-1,-1,-1,-1,-1,-1,-1,-1,-1,-1,-1,-1,-1,-1,-1,-1,-1,-1,-1,-1,-1,-1,-1,-1,-1,-1,-1,-1,-1,-1,-1,-1,-1,-1,-1,-1,-1","21,21,21,21,21,21,21,21,21,21,21,21,21,21,21,21,21,21,21,21,21,21,21,21,21,21,21,21,21,21,21,21,21,21,21,21,21,21,21,21,21,21,21,21,21,21,21,21,21,21,21,21,21,21,21,21,21,21,21,21,21","","","256,256,256,256,256,256,256,256,256,256,256,256,256,256,256,256,256,256,256,256,256,256,256,256,256,256,256,256,256,256,256,256,271,271,271,271,271,274,271,271,271,271,271,271,274,256,256,256,259,256,256,256,256,256,259,259,274,256,256,256,256","234,234,234,234,234,234,234,234,234,234,234,234,234,234,234,234,234,234,234,234,234,234,234,234,234,234,234,234,234,234,234,234,249,249,249,249,249,252,249,249,249,249,249,249,252,234,234,234,237,234,234,234,234,234,237,237,252,234,234,234,234","","",0,"0,0,0,0,0,0,0,0,0,0,0,0,0,0,0,0,0,0,0,0,0,0,0,0,0,0,0,0,0,0,0,0,0.0136363636363636,0.0136363636363636,0.0136363636363636,0.0136363636363636,0.0136363636363636,0.0136363636363636,0.0136363636363636,0.0136363636363636,0.0136363636363636,0.0136363636363636,0.0136363636363636,0.0136363636363636,0.0136363636363636,0.0136363636363636,0.0136363636363636,0.0151515151515152,0.0136363636363636,0.0136363636363636,0.0136363636363636,0.0151515151515152,0.05,0.0151515151515152,0.0136363636363636,0.0272727272727273,0,0.0454545454545455,0.0454545454545455,0.0454545454545455,0.0454545454545455","TRUE,TRUE,TRUE,TRUE,TRUE,TRUE,TRUE,TRUE,TRUE,TRUE,TRUE,TRUE,TRUE,TRUE,TRUE,TRUE,TRUE,TRUE,TRUE,TRUE,TRUE,TRUE,TRUE,TRUE,TRUE,TRUE,TRUE,TRUE,TRUE,TRUE,TRUE,TRUE,TRUE,TRUE,TRUE,TRUE,TRUE,TRUE,TRUE,TRUE,TRUE,TRUE,TRUE,TRUE,TRUE,TRUE,TRUE,TRUE,TRUE,TRUE,TRUE,TRUE,TRUE,TRUE,TRUE,TRUE,TRUE,TRUE,TRUE,TRUE,TRUE","TRUE,TRUE,TRUE,TRUE,TRUE,TRUE,TRUE,TRUE,TRUE,TRUE,TRUE,TRUE,TRUE,TRUE,TRUE,TRUE,TRUE,TRUE,TRUE,TRUE,TRUE,TRUE,TRUE,TRUE,TRUE,TRUE,TRUE,TRUE,TRUE,TRUE,TRUE,TRUE,TRUE,TRUE,TRUE,TRUE,TRUE,TRUE,TRUE,TRUE,TRUE,TRUE,TRUE,TRUE,TRUE,TRUE,TRUE,TRUE,TRUE,TRUE,TRUE,TRUE,TRUE,TRUE,TRUE,TRUE,TRUE,TRUE,TRUE,TRUE,TRUE","0,0,1,0,0,0,0,0,0,0,0,1,0,0,0,0,0,0,0,0,0,0,0,0,0,0,0,0,0,0,0,0,0,0,1,0,0,0,0,0,0,0,0,0,0,0,0,0,0,0,0,0,1,0,0,0,0,0,0,0,0","TRUE,TRUE,TRUE,TRUE,TRUE,TRUE,TRUE,TRUE,TRUE,TRUE,TRUE,TRUE,TRUE,TRUE,TRUE,TRUE,TRUE,TRUE,TRUE,TRUE,TRUE,TRUE,TRUE,TRUE,TRUE,TRUE,TRUE,TRUE,TRUE,TRUE,TRUE,TRUE,TRUE,TRUE,TRUE,TRUE,TRUE,TRUE,TRUE,TRUE,TRUE,TRUE,TRUE,TRUE,TRUE,TRUE,TRUE,TRUE,TRUE,TRUE,TRUE,TRUE,TRUE,TRUE,TRUE,TRUE,TRUE,TRUE,TRUE,TRUE,TRUE","1,1,1,1,1,1,1,1,1,1,1,1,1,1,1,1,1,1,1,1,1,1,1,1,1,1,1,1,1,1,1,1,1,1,1,1,1,1,1,1,1,1,1,1,1,1,1,1,1,1,1,1,1,1,1,1,1,1,1,1,1","TRUE,TRUE,TRUE,TRUE,TRUE,TRUE,TRUE,TRUE,TRUE,TRUE,TRUE,TRUE,TRUE,TRUE,TRUE,TRUE,TRUE,TRUE,TRUE,TRUE,TRUE,TRUE,TRUE,TRUE,TRUE,TRUE,TRUE,TRUE,TRUE,TRUE,TRUE,TRUE,TRUE,TRUE,TRUE,TRUE,TRUE,TRUE,TRUE,TRUE,TRUE,TRUE,TRUE,TRUE,TRUE,TRUE,TRUE,TRUE,TRUE,TRUE,TRUE,TRUE,TRUE,TRUE,TRUE,TRUE,TRUE,TRUE,TRUE,TRUE,TRUE",".......................",NA,0,0,0,-8.381,"         gacatccggatgacccagtctcc
           ||||||||||           
cctctgacccagtaggcctacag---------",1,1,-3.09,"gacatccgggtgacccagtctcc
       ||||            
cctcagacccagtcgtgttatag",1,3,2,0,0.601449275362319,0,3,0,2,0,FALSE,TRUE,FALSE,TRUE,TRUE,TRUE,FALSE,TRUE,TRUE,FALSE,FALSE,TRUE,FALSE
"2fw","Sblattero1998|VK2backts|2_fw","gaaattgtrwtgacrcagtctcc","",23,0,"fw",8,1,"Sblattero1998",-182825.047801147,-497.024378585086,55.51,328.66,NA,NA,NA,NA,55.51,8.14,62,1,"67,67,67,67,67,67,61,61,67,67,67,67,67,67,67,61,61,67,67,67,67,67,61,67,67,67,67,67,67,67,61,67,61,61,61,61,61,61,61,61,61,61,61,61,61,61,61,61,61,61,61,61,61,61,61,70,61,61,58,58,58,58","89,89,89,89,89,89,83,83,89,89,89,89,89,89,89,83,83,89,89,89,89,89,83,89,89,89,89,89,89,89,83,89,83,83,83,83,83,83,83,83,83,83,83,83,83,83,83,83,83,83,83,83,83,83,83,92,83,83,80,80,80,80","","","FALSE,FALSE,FALSE,FALSE,FALSE,FALSE,FALSE,FALSE,FALSE,FALSE,FALSE,FALSE,FALSE,FALSE,FALSE,FALSE,FALSE,FALSE,FALSE,FALSE,FALSE,FALSE,FALSE,FALSE,FALSE,FALSE,FALSE,FALSE,FALSE,FALSE,FALSE,FALSE,FALSE,FALSE,FALSE,FALSE,FALSE,FALSE,FALSE,FALSE,FALSE,FALSE,FALSE,FALSE,FALSE,FALSE,FALSE,FALSE,FALSE,FALSE,FALSE,FALSE,FALSE,FALSE,FALSE,FALSE,FALSE,FALSE,FALSE,FALSE,FALSE,FALSE","FALSE,FALSE,FALSE,FALSE,FALSE,FALSE,FALSE,FALSE,FALSE,FALSE,FALSE,FALSE,FALSE,FALSE,FALSE,FALSE,FALSE,FALSE,FALSE,FALSE,FALSE,FALSE,FALSE,FALSE,FALSE,FALSE,FALSE,FALSE,FALSE,FALSE,FALSE,FALSE,FALSE,FALSE,FALSE,FALSE,FALSE,FALSE,FALSE,FALSE,FALSE,FALSE,FALSE,FALSE,FALSE,FALSE,FALSE,FALSE,FALSE,FALSE,FALSE,FALSE,FALSE,FALSE,FALSE,FALSE,FALSE,FALSE,FALSE,FALSE,FALSE,FALSE","","5,5,6,6,5,5,5,5,5,5,5,5,5,5,6,6,6,5,5,5,5,6,6,5,5,6,5,5,6,6,6,6,3,2,3,3,3,3,3,3,2,3,3,3,3,0,0,1,0,0,0,1,2,1,0,0,3,6,2,2,2,2","","(3,6,7,8,15),(3,6,7,8,15),(2,3,6,7,8,15),(2,3,6,7,8,15),(3,6,7,8,15),(3,6,7,8,15),(3,6,7,8,15),(3,6,7,8,15),(3,6,7,8,15),(3,6,7,8,15),(3,6,7,8,15),(3,6,7,8,15),(3,6,7,8,15),(3,6,7,8,15),(2,3,6,7,8,15),(2,3,6,7,8,15),(2,3,6,7,8,15),(3,6,7,8,15),(3,6,7,8,15),(3,6,7,8,15),(3,6,7,8,15),(2,3,6,7,8,15),(2,3,6,7,8,15),(3,6,7,8,15),(3,6,7,8,15),(1,3,6,7,8,15),(3,6,7,8,15),(3,6,7,8,15),(2,3,6,7,8,15),(2,3,6,7,8,15),(2,3,6,7,8,15),(2,3,6,7,8,15),(3,15,19),(3,15),(3,15,19),(3,15,19),(3,4,15),(3,15,19),(3,15,19),(3,15,19),(3,15),(3,15,19),(3,15,19),(3,4,15),(3,15,19),(),(),(6),(),(),(),(6),(6,14),(6),(),(),(3,6,15),(5,6,7,8,10,12),(10,15),(10,15),(10,15),(10,15)","","1,2,3,4,5,6,7,8,9,10,11,12,13,14,15,16,17,18,19,20,21,22,23,24,25,26,27,28,29,30,31,32,33,34,35,36,37,38,39,40,41,42,43,44,45,46,47,48,49,50,51,53,54,55,56,58,59,60,61,62,63,64","-1,-1,-1,-1,-1,-1,-1,-1,-1,-1,-1,-1,-1,-1,-1,-1,-1,-1,-1,-1,-1,-1,-1,-1,-1,-1,-1,-1,-1,-1,-1,-1,-1,-1,-1,-1,-1,-1,-1,-1,-1,-1,-1,-1,-1,-1,-1,-1,-1,-1,-1,-1,-1,-1,-1,-1,-1,-1,-1,-1,-1,-1","21,21,21,21,21,21,21,21,21,21,21,21,21,21,21,21,21,21,21,21,21,21,21,21,21,21,21,21,21,21,21,21,21,21,21,21,21,21,21,21,21,21,21,21,21,21,21,21,21,21,21,21,21,21,21,21,21,21,21,21,21,21","","","256,256,256,256,256,256,256,256,256,256,256,256,256,256,256,256,256,256,256,256,256,256,256,256,256,256,256,256,256,256,256,256,271,271,271,271,271,274,271,271,271,271,271,271,274,256,256,256,259,256,256,256,256,256,259,259,274,256,256,256,256,256","234,234,234,234,234,234,234,234,234,234,234,234,234,234,234,234,234,234,234,234,234,234,234,234,234,234,234,234,234,234,234,234,249,249,249,249,249,252,249,249,249,249,249,249,252,234,234,234,237,234,234,234,234,234,237,237,252,234,234,234,234,234","","",62,1,"67,67,67,67,67,67,61,61,67,67,67,67,67,67,67,61,61,67,67,67,67,67,61,67,67,67,67,67,67,67,61,67,61,61,61,61,61,61,61,61,61,61,61,61,61,61,61,61,61,61,61,61,61,61,61,70,61,61,58,58,58,58","89,89,89,89,89,89,83,83,89,89,89,89,89,89,89,83,83,89,89,89,89,89,83,89,89,89,89,89,89,89,83,89,83,83,83,83,83,83,83,83,83,83,83,83,83,83,83,83,83,83,83,83,83,83,83,92,83,83,80,80,80,80","","","FALSE,FALSE,FALSE,FALSE,FALSE,FALSE,FALSE,FALSE,FALSE,FALSE,FALSE,FALSE,FALSE,FALSE,FALSE,FALSE,FALSE,FALSE,FALSE,FALSE,FALSE,FALSE,FALSE,FALSE,FALSE,FALSE,FALSE,FALSE,FALSE,FALSE,FALSE,FALSE,FALSE,FALSE,FALSE,FALSE,FALSE,FALSE,FALSE,FALSE,FALSE,FALSE,FALSE,FALSE,FALSE,FALSE,FALSE,FALSE,FALSE,FALSE,FALSE,FALSE,FALSE,FALSE,FALSE,FALSE,FALSE,FALSE,FALSE,FALSE,FALSE,FALSE","FALSE,FALSE,FALSE,FALSE,FALSE,FALSE,FALSE,FALSE,FALSE,FALSE,FALSE,FALSE,FALSE,FALSE,FALSE,FALSE,FALSE,FALSE,FALSE,FALSE,FALSE,FALSE,FALSE,FALSE,FALSE,FALSE,FALSE,FALSE,FALSE,FALSE,FALSE,FALSE,FALSE,FALSE,FALSE,FALSE,FALSE,FALSE,FALSE,FALSE,FALSE,FALSE,FALSE,FALSE,FALSE,FALSE,FALSE,FALSE,FALSE,FALSE,FALSE,FALSE,FALSE,FALSE,FALSE,FALSE,FALSE,FALSE,FALSE,FALSE,FALSE,FALSE","","5,5,6,6,5,5,5,5,5,5,5,5,5,5,6,6,6,5,5,5,5,6,6,5,5,6,5,5,6,6,6,6,3,2,3,3,3,3,3,3,2,3,3,3,3,0,0,1,0,0,0,1,2,1,0,0,3,6,2,2,2,2","","(3,6,7,8,15),(3,6,7,8,15),(2,3,6,7,8,15),(2,3,6,7,8,15),(3,6,7,8,15),(3,6,7,8,15),(3,6,7,8,15),(3,6,7,8,15),(3,6,7,8,15),(3,6,7,8,15),(3,6,7,8,15),(3,6,7,8,15),(3,6,7,8,15),(3,6,7,8,15),(2,3,6,7,8,15),(2,3,6,7,8,15),(2,3,6,7,8,15),(3,6,7,8,15),(3,6,7,8,15),(3,6,7,8,15),(3,6,7,8,15),(2,3,6,7,8,15),(2,3,6,7,8,15),(3,6,7,8,15),(3,6,7,8,15),(1,3,6,7,8,15),(3,6,7,8,15),(3,6,7,8,15),(2,3,6,7,8,15),(2,3,6,7,8,15),(2,3,6,7,8,15),(2,3,6,7,8,15),(3,15,19),(3,15),(3,15,19),(3,15,19),(3,4,15),(3,15,19),(3,15,19),(3,15,19),(3,15),(3,15,19),(3,15,19),(3,4,15),(3,15,19),(),(),(6),(),(),(),(6),(6,14),(6),(),(),(3,6,15),(5,6,7,8,10,12),(10,15),(10,15),(10,15),(10,15)","","1,2,3,4,5,6,7,8,9,10,11,12,13,14,15,16,17,18,19,20,21,22,23,24,25,26,27,28,29,30,31,32,33,34,35,36,37,38,39,40,41,42,43,44,45,46,47,48,49,50,51,53,54,55,56,58,59,60,61,62,63,64","-1,-1,-1,-1,-1,-1,-1,-1,-1,-1,-1,-1,-1,-1,-1,-1,-1,-1,-1,-1,-1,-1,-1,-1,-1,-1,-1,-1,-1,-1,-1,-1,-1,-1,-1,-1,-1,-1,-1,-1,-1,-1,-1,-1,-1,-1,-1,-1,-1,-1,-1,-1,-1,-1,-1,-1,-1,-1,-1,-1,-1,-1","21,21,21,21,21,21,21,21,21,21,21,21,21,21,21,21,21,21,21,21,21,21,21,21,21,21,21,21,21,21,21,21,21,21,21,21,21,21,21,21,21,21,21,21,21,21,21,21,21,21,21,21,21,21,21,21,21,21,21,21,21,21","","","256,256,256,256,256,256,256,256,256,256,256,256,256,256,256,256,256,256,256,256,256,256,256,256,256,256,256,256,256,256,256,256,271,271,271,271,271,274,271,271,271,271,271,271,274,256,256,256,259,256,256,256,256,256,259,259,274,256,256,256,256,256","234,234,234,234,234,234,234,234,234,234,234,234,234,234,234,234,234,234,234,234,234,234,234,234,234,234,234,234,234,234,234,234,249,249,249,249,249,252,249,249,249,249,249,249,252,234,234,234,237,234,234,234,234,234,237,237,252,234,234,234,234,234","","",0,62,1,"67,67,67,67,67,67,61,61,67,67,67,67,67,67,67,61,61,67,67,67,67,67,61,67,67,67,67,67,67,67,61,67,61,61,61,61,61,61,61,61,61,61,61,61,61,61,61,61,61,61,61,61,61,61,61,70,61,61,58,58,58,58","89,89,89,89,89,89,83,83,89,89,89,89,89,89,89,83,83,89,89,89,89,89,83,89,89,89,89,89,89,89,83,89,83,83,83,83,83,83,83,83,83,83,83,83,83,83,83,83,83,83,83,83,83,83,83,92,83,83,80,80,80,80","","","FALSE,FALSE,FALSE,FALSE,FALSE,FALSE,FALSE,FALSE,FALSE,FALSE,FALSE,FALSE,FALSE,FALSE,FALSE,FALSE,FALSE,FALSE,FALSE,FALSE,FALSE,FALSE,FALSE,FALSE,FALSE,FALSE,FALSE,FALSE,FALSE,FALSE,FALSE,FALSE,FALSE,FALSE,FALSE,FALSE,FALSE,FALSE,FALSE,FALSE,FALSE,FALSE,FALSE,FALSE,FALSE,FALSE,FALSE,FALSE,FALSE,FALSE,FALSE,FALSE,FALSE,FALSE,FALSE,FALSE,FALSE,FALSE,FALSE,FALSE,FALSE,FALSE","FALSE,FALSE,FALSE,FALSE,FALSE,FALSE,FALSE,FALSE,FALSE,FALSE,FALSE,FALSE,FALSE,FALSE,FALSE,FALSE,FALSE,FALSE,FALSE,FALSE,FALSE,FALSE,FALSE,FALSE,FALSE,FALSE,FALSE,FALSE,FALSE,FALSE,FALSE,FALSE,FALSE,FALSE,FALSE,FALSE,FALSE,FALSE,FALSE,FALSE,FALSE,FALSE,FALSE,FALSE,FALSE,FALSE,FALSE,FALSE,FALSE,FALSE,FALSE,FALSE,FALSE,FALSE,FALSE,FALSE,FALSE,FALSE,FALSE,FALSE,FALSE,FALSE","","5,5,6,6,5,5,5,5,5,5,5,5,5,5,6,6,6,5,5,5,5,6,6,5,5,6,5,5,6,6,6,6,3,2,3,3,3,3,3,3,2,3,3,3,3,0,0,1,0,0,0,1,2,1,0,0,3,6,2,2,2,2","","(3,6,7,8,15),(3,6,7,8,15),(2,3,6,7,8,15),(2,3,6,7,8,15),(3,6,7,8,15),(3,6,7,8,15),(3,6,7,8,15),(3,6,7,8,15),(3,6,7,8,15),(3,6,7,8,15),(3,6,7,8,15),(3,6,7,8,15),(3,6,7,8,15),(3,6,7,8,15),(2,3,6,7,8,15),(2,3,6,7,8,15),(2,3,6,7,8,15),(3,6,7,8,15),(3,6,7,8,15),(3,6,7,8,15),(3,6,7,8,15),(2,3,6,7,8,15),(2,3,6,7,8,15),(3,6,7,8,15),(3,6,7,8,15),(1,3,6,7,8,15),(3,6,7,8,15),(3,6,7,8,15),(2,3,6,7,8,15),(2,3,6,7,8,15),(2,3,6,7,8,15),(2,3,6,7,8,15),(3,15,19),(3,15),(3,15,19),(3,15,19),(3,4,15),(3,15,19),(3,15,19),(3,15,19),(3,15),(3,15,19),(3,15,19),(3,4,15),(3,15,19),(),(),(6),(),(),(),(6),(6,14),(6),(),(),(3,6,15),(5,6,7,8,10,12),(10,15),(10,15),(10,15),(10,15)","","1,2,3,4,5,6,7,8,9,10,11,12,13,14,15,16,17,18,19,20,21,22,23,24,25,26,27,28,29,30,31,32,33,34,35,36,37,38,39,40,41,42,43,44,45,46,47,48,49,50,51,53,54,55,56,58,59,60,61,62,63,64","-1,-1,-1,-1,-1,-1,-1,-1,-1,-1,-1,-1,-1,-1,-1,-1,-1,-1,-1,-1,-1,-1,-1,-1,-1,-1,-1,-1,-1,-1,-1,-1,-1,-1,-1,-1,-1,-1,-1,-1,-1,-1,-1,-1,-1,-1,-1,-1,-1,-1,-1,-1,-1,-1,-1,-1,-1,-1,-1,-1,-1,-1","21,21,21,21,21,21,21,21,21,21,21,21,21,21,21,21,21,21,21,21,21,21,21,21,21,21,21,21,21,21,21,21,21,21,21,21,21,21,21,21,21,21,21,21,21,21,21,21,21,21,21,21,21,21,21,21,21,21,21,21,21,21","","","256,256,256,256,256,256,256,256,256,256,256,256,256,256,256,256,256,256,256,256,256,256,256,256,256,256,256,256,256,256,256,256,271,271,271,271,271,274,271,271,271,271,271,271,274,256,256,256,259,256,256,256,256,256,259,259,274,256,256,256,256,256","234,234,234,234,234,234,234,234,234,234,234,234,234,234,234,234,234,234,234,234,234,234,234,234,234,234,234,234,234,234,234,234,249,249,249,249,249,252,249,249,249,249,249,249,252,234,234,234,237,234,234,234,234,234,237,237,252,234,234,234,234,234","","",62,1,"67,67,67,67,67,67,61,61,67,67,67,67,67,67,67,61,61,67,67,67,67,67,61,67,67,67,67,67,67,67,61,67,61,61,61,61,61,61,61,61,61,61,61,61,61,61,61,61,61,61,61,61,61,61,61,70,61,61,58,58,58,58","89,89,89,89,89,89,83,83,89,89,89,89,89,89,89,83,83,89,89,89,89,89,83,89,89,89,89,89,89,89,83,89,83,83,83,83,83,83,83,83,83,83,83,83,83,83,83,83,83,83,83,83,83,83,83,92,83,83,80,80,80,80","","","FALSE,FALSE,FALSE,FALSE,FALSE,FALSE,FALSE,FALSE,FALSE,FALSE,FALSE,FALSE,FALSE,FALSE,FALSE,FALSE,FALSE,FALSE,FALSE,FALSE,FALSE,FALSE,FALSE,FALSE,FALSE,FALSE,FALSE,FALSE,FALSE,FALSE,FALSE,FALSE,FALSE,FALSE,FALSE,FALSE,FALSE,FALSE,FALSE,FALSE,FALSE,FALSE,FALSE,FALSE,FALSE,FALSE,FALSE,FALSE,FALSE,FALSE,FALSE,FALSE,FALSE,FALSE,FALSE,FALSE,FALSE,FALSE,FALSE,FALSE,FALSE,FALSE","FALSE,FALSE,FALSE,FALSE,FALSE,FALSE,FALSE,FALSE,FALSE,FALSE,FALSE,FALSE,FALSE,FALSE,FALSE,FALSE,FALSE,FALSE,FALSE,FALSE,FALSE,FALSE,FALSE,FALSE,FALSE,FALSE,FALSE,FALSE,FALSE,FALSE,FALSE,FALSE,FALSE,FALSE,FALSE,FALSE,FALSE,FALSE,FALSE,FALSE,FALSE,FALSE,FALSE,FALSE,FALSE,FALSE,FALSE,FALSE,FALSE,FALSE,FALSE,FALSE,FALSE,FALSE,FALSE,FALSE,FALSE,FALSE,FALSE,FALSE,FALSE,FALSE","","5,5,6,6,5,5,5,5,5,5,5,5,5,5,6,6,6,5,5,5,5,6,6,5,5,6,5,5,6,6,6,6,3,2,3,3,3,3,3,3,2,3,3,3,3,0,0,1,0,0,0,1,2,1,0,0,3,6,2,2,2,2","","(3,6,7,8,15),(3,6,7,8,15),(2,3,6,7,8,15),(2,3,6,7,8,15),(3,6,7,8,15),(3,6,7,8,15),(3,6,7,8,15),(3,6,7,8,15),(3,6,7,8,15),(3,6,7,8,15),(3,6,7,8,15),(3,6,7,8,15),(3,6,7,8,15),(3,6,7,8,15),(2,3,6,7,8,15),(2,3,6,7,8,15),(2,3,6,7,8,15),(3,6,7,8,15),(3,6,7,8,15),(3,6,7,8,15),(3,6,7,8,15),(2,3,6,7,8,15),(2,3,6,7,8,15),(3,6,7,8,15),(3,6,7,8,15),(1,3,6,7,8,15),(3,6,7,8,15),(3,6,7,8,15),(2,3,6,7,8,15),(2,3,6,7,8,15),(2,3,6,7,8,15),(2,3,6,7,8,15),(3,15,19),(3,15),(3,15,19),(3,15,19),(3,4,15),(3,15,19),(3,15,19),(3,15,19),(3,15),(3,15,19),(3,15,19),(3,4,15),(3,15,19),(),(),(6),(),(),(),(6),(6,14),(6),(),(),(3,6,15),(5,6,7,8,10,12),(10,15),(10,15),(10,15),(10,15)","","1,2,3,4,5,6,7,8,9,10,11,12,13,14,15,16,17,18,19,20,21,22,23,24,25,26,27,28,29,30,31,32,33,34,35,36,37,38,39,40,41,42,43,44,45,46,47,48,49,50,51,53,54,55,56,58,59,60,61,62,63,64","-1,-1,-1,-1,-1,-1,-1,-1,-1,-1,-1,-1,-1,-1,-1,-1,-1,-1,-1,-1,-1,-1,-1,-1,-1,-1,-1,-1,-1,-1,-1,-1,-1,-1,-1,-1,-1,-1,-1,-1,-1,-1,-1,-1,-1,-1,-1,-1,-1,-1,-1,-1,-1,-1,-1,-1,-1,-1,-1,-1,-1,-1","21,21,21,21,21,21,21,21,21,21,21,21,21,21,21,21,21,21,21,21,21,21,21,21,21,21,21,21,21,21,21,21,21,21,21,21,21,21,21,21,21,21,21,21,21,21,21,21,21,21,21,21,21,21,21,21,21,21,21,21,21,21","","","256,256,256,256,256,256,256,256,256,256,256,256,256,256,256,256,256,256,256,256,256,256,256,256,256,256,256,256,256,256,256,256,271,271,271,271,271,274,271,271,271,271,271,271,274,256,256,256,259,256,256,256,256,256,259,259,274,256,256,256,256,256","234,234,234,234,234,234,234,234,234,234,234,234,234,234,234,234,234,234,234,234,234,234,234,234,234,234,234,234,234,234,234,234,249,249,249,249,249,252,249,249,249,249,249,249,252,234,234,234,237,234,234,234,234,234,237,237,252,234,234,234,234,234","","",0,"0.00151515151515152,0.00151515151515152,0.00151515151515152,0.00151515151515152,0.00151515151515152,0.00151515151515152,0.00151515151515152,0.00151515151515152,0.00151515151515152,0.00151515151515152,0.00151515151515152,0.00151515151515152,0.00151515151515152,0.00151515151515152,0.00151515151515152,0.00151515151515152,0.00151515151515152,0.00151515151515152,0.00151515151515152,0.00151515151515152,0.00151515151515152,0.00151515151515152,0.00151515151515152,0.00151515151515152,0.00151515151515152,0.00151515151515152,0.00151515151515152,0.00151515151515152,0.00151515151515152,0.00151515151515152,0.00151515151515152,0.00151515151515152,0.00303030303030303,0,0.00303030303030303,0.00303030303030303,0,0.00303030303030303,0.00303030303030303,0.00303030303030303,0,0.00303030303030303,0.00303030303030303,0,0.00303030303030303,0,0,0,0,0,0,0,0,0,0,0,0,0.00151515151515152,0,0,0,0","TRUE,TRUE,TRUE,TRUE,TRUE,TRUE,TRUE,TRUE,TRUE,TRUE,TRUE,TRUE,TRUE,TRUE,TRUE,TRUE,TRUE,TRUE,TRUE,TRUE,TRUE,TRUE,TRUE,TRUE,TRUE,TRUE,TRUE,TRUE,TRUE,TRUE,TRUE,TRUE,TRUE,TRUE,TRUE,TRUE,TRUE,TRUE,TRUE,TRUE,TRUE,TRUE,TRUE,TRUE,TRUE,TRUE,TRUE,TRUE,TRUE,TRUE,TRUE,TRUE,TRUE,TRUE,TRUE,TRUE,TRUE,TRUE,TRUE,TRUE,TRUE,TRUE","TRUE,TRUE,TRUE,TRUE,TRUE,TRUE,TRUE,TRUE,TRUE,TRUE,TRUE,TRUE,TRUE,TRUE,TRUE,TRUE,TRUE,TRUE,TRUE,TRUE,TRUE,TRUE,TRUE,TRUE,TRUE,TRUE,TRUE,TRUE,TRUE,TRUE,TRUE,TRUE,TRUE,TRUE,TRUE,TRUE,TRUE,TRUE,TRUE,TRUE,TRUE,TRUE,TRUE,TRUE,TRUE,TRUE,TRUE,TRUE,TRUE,TRUE,TRUE,TRUE,TRUE,TRUE,TRUE,TRUE,TRUE,TRUE,TRUE,TRUE,TRUE,TRUE","0,0,1,0,0,0,0,0,0,0,0,1,0,0,0,0,0,0,0,0,0,0,0,0,0,0,0,0,0,0,0,0,0,0,1,0,0,0,0,0,0,0,0,0,0,0,0,0,0,0,0,0,1,0,0,0,0,0,0,0,0,0","TRUE,TRUE,TRUE,TRUE,TRUE,TRUE,TRUE,TRUE,TRUE,TRUE,TRUE,TRUE,TRUE,TRUE,TRUE,TRUE,TRUE,TRUE,TRUE,TRUE,TRUE,TRUE,TRUE,TRUE,TRUE,TRUE,TRUE,TRUE,TRUE,TRUE,TRUE,TRUE,TRUE,TRUE,TRUE,TRUE,TRUE,TRUE,TRUE,TRUE,TRUE,TRUE,TRUE,TRUE,TRUE,TRUE,TRUE,TRUE,TRUE,TRUE,TRUE,TRUE,TRUE,TRUE,TRUE,TRUE,TRUE,TRUE,TRUE,TRUE,TRUE,TRUE","1,1,1,1,1,1,1,1,1,1,1,1,1,1,1,1,1,1,1,1,1,1,1,1,1,1,1,1,1,1,1,1,1,1,1,1,1,1,1,1,1,1,1,1,1,1,1,1,1,1,1,1,1,1,1,1,1,1,1,1,1,1","TRUE,TRUE,TRUE,TRUE,TRUE,TRUE,TRUE,TRUE,TRUE,TRUE,TRUE,TRUE,TRUE,TRUE,TRUE,TRUE,TRUE,TRUE,TRUE,TRUE,TRUE,TRUE,TRUE,TRUE,TRUE,TRUE,TRUE,TRUE,TRUE,TRUE,TRUE,TRUE,TRUE,TRUE,TRUE,TRUE,TRUE,TRUE,TRUE,TRUE,TRUE,TRUE,TRUE,TRUE,TRUE,TRUE,TRUE,TRUE,TRUE,TRUE,TRUE,TRUE,TRUE,TRUE,TRUE,TRUE,TRUE,TRUE,TRUE,TRUE,TRUE,TRUE",".......................",NA,0,0,0,-2.642," gaaattgtgttgacacagtctcc
      ||||||||||||      
cctctgacacagttgtgttaaag-",2,2,-2.656,"gaaattgtaatgacacagtctcc--------------
                |||||                
              cctcagacccagtcgtgttatag",2,3,2,0,0.434782608695652,0,3,0,2,0,FALSE,TRUE,TRUE,TRUE,TRUE,TRUE,TRUE,TRUE,TRUE,FALSE,FALSE,TRUE,FALSE
"3fw","Sblattero1998|VK9back|3_fw","gatattgtgmtgacbcagwctcc","",23,0,"fw",12,1,"Sblattero1998",-182725.143403442,-495.126673040153,57.08,330.23,NA,NA,NA,NA,57.08,6.57,62,1,"67,67,67,67,67,67,61,61,67,67,67,67,67,67,67,61,61,67,67,67,67,67,61,67,67,67,67,67,67,67,61,67,61,61,61,61,61,61,61,61,61,61,61,61,61,61,61,61,61,61,61,61,61,61,61,70,61,61,58,58,58,58","89,89,89,89,89,89,83,83,89,89,89,89,89,89,89,83,83,89,89,89,89,89,83,89,89,89,89,89,89,89,83,89,83,83,83,83,83,83,83,83,83,83,83,83,83,83,83,83,83,83,83,83,83,83,83,92,83,83,80,80,80,80","","","FALSE,FALSE,FALSE,FALSE,FALSE,FALSE,FALSE,FALSE,FALSE,FALSE,FALSE,FALSE,FALSE,FALSE,FALSE,FALSE,FALSE,FALSE,FALSE,FALSE,FALSE,FALSE,FALSE,FALSE,FALSE,FALSE,FALSE,FALSE,FALSE,FALSE,FALSE,FALSE,FALSE,FALSE,FALSE,FALSE,FALSE,FALSE,FALSE,FALSE,FALSE,FALSE,FALSE,FALSE,FALSE,FALSE,FALSE,FALSE,FALSE,FALSE,FALSE,FALSE,FALSE,FALSE,FALSE,FALSE,FALSE,FALSE,FALSE,FALSE,FALSE,FALSE","FALSE,FALSE,FALSE,FALSE,FALSE,FALSE,FALSE,FALSE,FALSE,FALSE,FALSE,FALSE,FALSE,FALSE,FALSE,FALSE,FALSE,FALSE,FALSE,FALSE,FALSE,FALSE,FALSE,FALSE,FALSE,FALSE,FALSE,FALSE,FALSE,FALSE,FALSE,FALSE,FALSE,FALSE,FALSE,FALSE,FALSE,FALSE,FALSE,FALSE,FALSE,FALSE,FALSE,FALSE,FALSE,FALSE,FALSE,FALSE,FALSE,FALSE,FALSE,FALSE,FALSE,FALSE,FALSE,FALSE,FALSE,FALSE,FALSE,FALSE,FALSE,FALSE","","4,4,6,6,4,4,4,4,4,4,4,4,4,4,5,5,5,5,4,4,4,6,6,4,4,5,4,4,5,5,5,5,0,0,0,0,1,0,1,1,0,0,0,1,0,3,3,2,2,3,3,2,3,2,2,3,2,7,1,1,1,1","","(3,6,7,8),(3,6,7,8),(2,3,6,7,8,10),(2,3,6,7,8,10),(3,6,7,8),(3,6,7,8),(3,6,7,8),(3,6,7,8),(3,6,7,8),(3,6,7,8),(3,6,7,8),(3,6,7,8),(3,6,7,8),(3,6,7,8),(2,3,6,7,8),(2,3,6,7,8),(2,3,6,7,8),(3,6,7,8,10),(3,6,7,8),(3,6,7,8),(3,6,7,8),(2,3,6,7,8,10),(2,3,6,7,8,10),(3,6,7,8),(3,6,7,8),(1,3,6,7,8),(3,6,7,8),(3,6,7,8),(2,3,6,7,8),(2,3,6,7,8),(2,3,6,7,8),(2,3,6,7,8),(),(),(),(),(4),(),(3),(3),(),(),(),(4),(),(3,10,15),(3,10,15),(3,6),(3,10),(3,10,15),(3,10,15),(3,6),(3,6,14),(3,6),(3,10),(3,9,15),(3,6),(3,5,6,7,8,9,12),(3),(3),(3),(3)","","1,2,3,4,5,6,7,8,9,10,11,12,13,14,15,16,17,18,19,20,21,22,23,24,25,26,27,28,29,30,31,32,33,34,35,36,37,38,39,40,41,42,43,44,45,46,47,48,49,50,51,53,54,55,56,58,59,60,61,62,63,64","-1,-1,-1,-1,-1,-1,-1,-1,-1,-1,-1,-1,-1,-1,-1,-1,-1,-1,-1,-1,-1,-1,-1,-1,-1,-1,-1,-1,-1,-1,-1,-1,-1,-1,-1,-1,-1,-1,-1,-1,-1,-1,-1,-1,-1,-1,-1,-1,-1,-1,-1,-1,-1,-1,-1,-1,-1,-1,-1,-1,-1,-1","21,21,21,21,21,21,21,21,21,21,21,21,21,21,21,21,21,21,21,21,21,21,21,21,21,21,21,21,21,21,21,21,21,21,21,21,21,21,21,21,21,21,21,21,21,21,21,21,21,21,21,21,21,21,21,21,21,21,21,21,21,21","","","256,256,256,256,256,256,256,256,256,256,256,256,256,256,256,256,256,256,256,256,256,256,256,256,256,256,256,256,256,256,256,256,271,271,271,271,271,274,271,271,271,271,271,271,274,256,256,256,259,256,256,256,256,256,259,259,274,256,256,256,256,256","234,234,234,234,234,234,234,234,234,234,234,234,234,234,234,234,234,234,234,234,234,234,234,234,234,234,234,234,234,234,234,234,249,249,249,249,249,252,249,249,249,249,249,249,252,234,234,234,237,234,234,234,234,234,237,237,252,234,234,234,234,234","","",62,1,"67,67,67,67,67,67,61,61,67,67,67,67,67,67,67,61,61,67,67,67,67,67,61,67,67,67,67,67,67,67,61,67,61,61,61,61,61,61,61,61,61,61,61,61,61,61,61,61,61,61,61,61,61,61,61,70,61,61,58,58,58,58","89,89,89,89,89,89,83,83,89,89,89,89,89,89,89,83,83,89,89,89,89,89,83,89,89,89,89,89,89,89,83,89,83,83,83,83,83,83,83,83,83,83,83,83,83,83,83,83,83,83,83,83,83,83,83,92,83,83,80,80,80,80","","","FALSE,FALSE,FALSE,FALSE,FALSE,FALSE,FALSE,FALSE,FALSE,FALSE,FALSE,FALSE,FALSE,FALSE,FALSE,FALSE,FALSE,FALSE,FALSE,FALSE,FALSE,FALSE,FALSE,FALSE,FALSE,FALSE,FALSE,FALSE,FALSE,FALSE,FALSE,FALSE,FALSE,FALSE,FALSE,FALSE,FALSE,FALSE,FALSE,FALSE,FALSE,FALSE,FALSE,FALSE,FALSE,FALSE,FALSE,FALSE,FALSE,FALSE,FALSE,FALSE,FALSE,FALSE,FALSE,FALSE,FALSE,FALSE,FALSE,FALSE,FALSE,FALSE","FALSE,FALSE,FALSE,FALSE,FALSE,FALSE,FALSE,FALSE,FALSE,FALSE,FALSE,FALSE,FALSE,FALSE,FALSE,FALSE,FALSE,FALSE,FALSE,FALSE,FALSE,FALSE,FALSE,FALSE,FALSE,FALSE,FALSE,FALSE,FALSE,FALSE,FALSE,FALSE,FALSE,FALSE,FALSE,FALSE,FALSE,FALSE,FALSE,FALSE,FALSE,FALSE,FALSE,FALSE,FALSE,FALSE,FALSE,FALSE,FALSE,FALSE,FALSE,FALSE,FALSE,FALSE,FALSE,FALSE,FALSE,FALSE,FALSE,FALSE,FALSE,FALSE","","4,4,6,6,4,4,4,4,4,4,4,4,4,4,5,5,5,5,4,4,4,6,6,4,4,5,4,4,5,5,5,5,0,0,0,0,1,0,1,1,0,0,0,1,0,3,3,2,2,3,3,2,3,2,2,3,2,7,1,1,1,1","","(3,6,7,8),(3,6,7,8),(2,3,6,7,8,10),(2,3,6,7,8,10),(3,6,7,8),(3,6,7,8),(3,6,7,8),(3,6,7,8),(3,6,7,8),(3,6,7,8),(3,6,7,8),(3,6,7,8),(3,6,7,8),(3,6,7,8),(2,3,6,7,8),(2,3,6,7,8),(2,3,6,7,8),(3,6,7,8,10),(3,6,7,8),(3,6,7,8),(3,6,7,8),(2,3,6,7,8,10),(2,3,6,7,8,10),(3,6,7,8),(3,6,7,8),(1,3,6,7,8),(3,6,7,8),(3,6,7,8),(2,3,6,7,8),(2,3,6,7,8),(2,3,6,7,8),(2,3,6,7,8),(),(),(),(),(4),(),(3),(3),(),(),(),(4),(),(3,10,15),(3,10,15),(3,6),(3,10),(3,10,15),(3,10,15),(3,6),(3,6,14),(3,6),(3,10),(3,9,15),(3,6),(3,5,6,7,8,9,12),(3),(3),(3),(3)","","1,2,3,4,5,6,7,8,9,10,11,12,13,14,15,16,17,18,19,20,21,22,23,24,25,26,27,28,29,30,31,32,33,34,35,36,37,38,39,40,41,42,43,44,45,46,47,48,49,50,51,53,54,55,56,58,59,60,61,62,63,64","-1,-1,-1,-1,-1,-1,-1,-1,-1,-1,-1,-1,-1,-1,-1,-1,-1,-1,-1,-1,-1,-1,-1,-1,-1,-1,-1,-1,-1,-1,-1,-1,-1,-1,-1,-1,-1,-1,-1,-1,-1,-1,-1,-1,-1,-1,-1,-1,-1,-1,-1,-1,-1,-1,-1,-1,-1,-1,-1,-1,-1,-1","21,21,21,21,21,21,21,21,21,21,21,21,21,21,21,21,21,21,21,21,21,21,21,21,21,21,21,21,21,21,21,21,21,21,21,21,21,21,21,21,21,21,21,21,21,21,21,21,21,21,21,21,21,21,21,21,21,21,21,21,21,21","","","256,256,256,256,256,256,256,256,256,256,256,256,256,256,256,256,256,256,256,256,256,256,256,256,256,256,256,256,256,256,256,256,271,271,271,271,271,274,271,271,271,271,271,271,274,256,256,256,259,256,256,256,256,256,259,259,274,256,256,256,256,256","234,234,234,234,234,234,234,234,234,234,234,234,234,234,234,234,234,234,234,234,234,234,234,234,234,234,234,234,234,234,234,234,249,249,249,249,249,252,249,249,249,249,249,249,252,234,234,234,237,234,234,234,234,234,237,237,252,234,234,234,234,234","","",0,62,1,"67,67,67,67,67,67,61,61,67,67,67,67,67,67,67,61,61,67,67,67,67,67,61,67,67,67,67,67,67,67,61,67,61,61,61,61,61,61,61,61,61,61,61,61,61,61,61,61,61,61,61,61,61,61,61,70,61,61,58,58,58,58","89,89,89,89,89,89,83,83,89,89,89,89,89,89,89,83,83,89,89,89,89,89,83,89,89,89,89,89,89,89,83,89,83,83,83,83,83,83,83,83,83,83,83,83,83,83,83,83,83,83,83,83,83,83,83,92,83,83,80,80,80,80","","","FALSE,FALSE,FALSE,FALSE,FALSE,FALSE,FALSE,FALSE,FALSE,FALSE,FALSE,FALSE,FALSE,FALSE,FALSE,FALSE,FALSE,FALSE,FALSE,FALSE,FALSE,FALSE,FALSE,FALSE,FALSE,FALSE,FALSE,FALSE,FALSE,FALSE,FALSE,FALSE,FALSE,FALSE,FALSE,FALSE,FALSE,FALSE,FALSE,FALSE,FALSE,FALSE,FALSE,FALSE,FALSE,FALSE,FALSE,FALSE,FALSE,FALSE,FALSE,FALSE,FALSE,FALSE,FALSE,FALSE,FALSE,FALSE,FALSE,FALSE,FALSE,FALSE","FALSE,FALSE,FALSE,FALSE,FALSE,FALSE,FALSE,FALSE,FALSE,FALSE,FALSE,FALSE,FALSE,FALSE,FALSE,FALSE,FALSE,FALSE,FALSE,FALSE,FALSE,FALSE,FALSE,FALSE,FALSE,FALSE,FALSE,FALSE,FALSE,FALSE,FALSE,FALSE,FALSE,FALSE,FALSE,FALSE,FALSE,FALSE,FALSE,FALSE,FALSE,FALSE,FALSE,FALSE,FALSE,FALSE,FALSE,FALSE,FALSE,FALSE,FALSE,FALSE,FALSE,FALSE,FALSE,FALSE,FALSE,FALSE,FALSE,FALSE,FALSE,FALSE","","4,4,6,6,4,4,4,4,4,4,4,4,4,4,5,5,5,5,4,4,4,6,6,4,4,5,4,4,5,5,5,5,0,0,0,0,1,0,1,1,0,0,0,1,0,3,3,2,2,3,3,2,3,2,2,3,2,7,1,1,1,1","","(3,6,7,8),(3,6,7,8),(2,3,6,7,8,10),(2,3,6,7,8,10),(3,6,7,8),(3,6,7,8),(3,6,7,8),(3,6,7,8),(3,6,7,8),(3,6,7,8),(3,6,7,8),(3,6,7,8),(3,6,7,8),(3,6,7,8),(2,3,6,7,8),(2,3,6,7,8),(2,3,6,7,8),(3,6,7,8,10),(3,6,7,8),(3,6,7,8),(3,6,7,8),(2,3,6,7,8,10),(2,3,6,7,8,10),(3,6,7,8),(3,6,7,8),(1,3,6,7,8),(3,6,7,8),(3,6,7,8),(2,3,6,7,8),(2,3,6,7,8),(2,3,6,7,8),(2,3,6,7,8),(),(),(),(),(4),(),(3),(3),(),(),(),(4),(),(3,10,15),(3,10,15),(3,6),(3,10),(3,10,15),(3,10,15),(3,6),(3,6,14),(3,6),(3,10),(3,9,15),(3,6),(3,5,6,7,8,9,12),(3),(3),(3),(3)","","1,2,3,4,5,6,7,8,9,10,11,12,13,14,15,16,17,18,19,20,21,22,23,24,25,26,27,28,29,30,31,32,33,34,35,36,37,38,39,40,41,42,43,44,45,46,47,48,49,50,51,53,54,55,56,58,59,60,61,62,63,64","-1,-1,-1,-1,-1,-1,-1,-1,-1,-1,-1,-1,-1,-1,-1,-1,-1,-1,-1,-1,-1,-1,-1,-1,-1,-1,-1,-1,-1,-1,-1,-1,-1,-1,-1,-1,-1,-1,-1,-1,-1,-1,-1,-1,-1,-1,-1,-1,-1,-1,-1,-1,-1,-1,-1,-1,-1,-1,-1,-1,-1,-1","21,21,21,21,21,21,21,21,21,21,21,21,21,21,21,21,21,21,21,21,21,21,21,21,21,21,21,21,21,21,21,21,21,21,21,21,21,21,21,21,21,21,21,21,21,21,21,21,21,21,21,21,21,21,21,21,21,21,21,21,21,21","","","256,256,256,256,256,256,256,256,256,256,256,256,256,256,256,256,256,256,256,256,256,256,256,256,256,256,256,256,256,256,256,256,271,271,271,271,271,274,271,271,271,271,271,271,274,256,256,256,259,256,256,256,256,256,259,259,274,256,256,256,256,256","234,234,234,234,234,234,234,234,234,234,234,234,234,234,234,234,234,234,234,234,234,234,234,234,234,234,234,234,234,234,234,234,249,249,249,249,249,252,249,249,249,249,249,249,252,234,234,234,237,234,234,234,234,234,237,237,252,234,234,234,234,234","","",62,1,"67,67,67,67,67,67,61,61,67,67,67,67,67,67,67,61,61,67,67,67,67,67,61,67,67,67,67,67,67,67,61,67,61,61,61,61,61,61,61,61,61,61,61,61,61,61,61,61,61,61,61,61,61,61,61,70,61,61,58,58,58,58","89,89,89,89,89,89,83,83,89,89,89,89,89,89,89,83,83,89,89,89,89,89,83,89,89,89,89,89,89,89,83,89,83,83,83,83,83,83,83,83,83,83,83,83,83,83,83,83,83,83,83,83,83,83,83,92,83,83,80,80,80,80","","","FALSE,FALSE,FALSE,FALSE,FALSE,FALSE,FALSE,FALSE,FALSE,FALSE,FALSE,FALSE,FALSE,FALSE,FALSE,FALSE,FALSE,FALSE,FALSE,FALSE,FALSE,FALSE,FALSE,FALSE,FALSE,FALSE,FALSE,FALSE,FALSE,FALSE,FALSE,FALSE,FALSE,FALSE,FALSE,FALSE,FALSE,FALSE,FALSE,FALSE,FALSE,FALSE,FALSE,FALSE,FALSE,FALSE,FALSE,FALSE,FALSE,FALSE,FALSE,FALSE,FALSE,FALSE,FALSE,FALSE,FALSE,FALSE,FALSE,FALSE,FALSE,FALSE","FALSE,FALSE,FALSE,FALSE,FALSE,FALSE,FALSE,FALSE,FALSE,FALSE,FALSE,FALSE,FALSE,FALSE,FALSE,FALSE,FALSE,FALSE,FALSE,FALSE,FALSE,FALSE,FALSE,FALSE,FALSE,FALSE,FALSE,FALSE,FALSE,FALSE,FALSE,FALSE,FALSE,FALSE,FALSE,FALSE,FALSE,FALSE,FALSE,FALSE,FALSE,FALSE,FALSE,FALSE,FALSE,FALSE,FALSE,FALSE,FALSE,FALSE,FALSE,FALSE,FALSE,FALSE,FALSE,FALSE,FALSE,FALSE,FALSE,FALSE,FALSE,FALSE","","4,4,6,6,4,4,4,4,4,4,4,4,4,4,5,5,5,5,4,4,4,6,6,4,4,5,4,4,5,5,5,5,0,0,0,0,1,0,1,1,0,0,0,1,0,3,3,2,2,3,3,2,3,2,2,3,2,7,1,1,1,1","","(3,6,7,8),(3,6,7,8),(2,3,6,7,8,10),(2,3,6,7,8,10),(3,6,7,8),(3,6,7,8),(3,6,7,8),(3,6,7,8),(3,6,7,8),(3,6,7,8),(3,6,7,8),(3,6,7,8),(3,6,7,8),(3,6,7,8),(2,3,6,7,8),(2,3,6,7,8),(2,3,6,7,8),(3,6,7,8,10),(3,6,7,8),(3,6,7,8),(3,6,7,8),(2,3,6,7,8,10),(2,3,6,7,8,10),(3,6,7,8),(3,6,7,8),(1,3,6,7,8),(3,6,7,8),(3,6,7,8),(2,3,6,7,8),(2,3,6,7,8),(2,3,6,7,8),(2,3,6,7,8),(),(),(),(),(4),(),(3),(3),(),(),(),(4),(),(3,10,15),(3,10,15),(3,6),(3,10),(3,10,15),(3,10,15),(3,6),(3,6,14),(3,6),(3,10),(3,9,15),(3,6),(3,5,6,7,8,9,12),(3),(3),(3),(3)","","1,2,3,4,5,6,7,8,9,10,11,12,13,14,15,16,17,18,19,20,21,22,23,24,25,26,27,28,29,30,31,32,33,34,35,36,37,38,39,40,41,42,43,44,45,46,47,48,49,50,51,53,54,55,56,58,59,60,61,62,63,64","-1,-1,-1,-1,-1,-1,-1,-1,-1,-1,-1,-1,-1,-1,-1,-1,-1,-1,-1,-1,-1,-1,-1,-1,-1,-1,-1,-1,-1,-1,-1,-1,-1,-1,-1,-1,-1,-1,-1,-1,-1,-1,-1,-1,-1,-1,-1,-1,-1,-1,-1,-1,-1,-1,-1,-1,-1,-1,-1,-1,-1,-1","21,21,21,21,21,21,21,21,21,21,21,21,21,21,21,21,21,21,21,21,21,21,21,21,21,21,21,21,21,21,21,21,21,21,21,21,21,21,21,21,21,21,21,21,21,21,21,21,21,21,21,21,21,21,21,21,21,21,21,21,21,21","","","256,256,256,256,256,256,256,256,256,256,256,256,256,256,256,256,256,256,256,256,256,256,256,256,256,256,256,256,256,256,256,256,271,271,271,271,271,274,271,271,271,271,271,271,274,256,256,256,259,256,256,256,256,256,259,259,274,256,256,256,256,256","234,234,234,234,234,234,234,234,234,234,234,234,234,234,234,234,234,234,234,234,234,234,234,234,234,234,234,234,234,234,234,234,249,249,249,249,249,252,249,249,249,249,249,249,252,234,234,234,237,234,234,234,234,234,237,237,252,234,234,234,234,234","","",0,"0,0,0,0,0,0,0,0,0,0,0,0,0,0,0,0,0,0,0,0,0,0,0,0,0,0,0,0,0,0,0,0,0,0,0,0,0,0,0,0,0,0,0,0,0,0,0,0,0,0,0,0,0,0,0,0,0,0.00151515151515152,0,0,0,0","TRUE,TRUE,TRUE,TRUE,TRUE,TRUE,TRUE,TRUE,TRUE,TRUE,TRUE,TRUE,TRUE,TRUE,TRUE,TRUE,TRUE,TRUE,TRUE,TRUE,TRUE,TRUE,TRUE,TRUE,TRUE,TRUE,TRUE,TRUE,TRUE,TRUE,TRUE,TRUE,TRUE,TRUE,TRUE,TRUE,TRUE,TRUE,TRUE,TRUE,TRUE,TRUE,TRUE,TRUE,TRUE,TRUE,TRUE,TRUE,TRUE,TRUE,TRUE,TRUE,TRUE,TRUE,TRUE,TRUE,TRUE,TRUE,TRUE,TRUE,TRUE,TRUE","TRUE,TRUE,TRUE,TRUE,TRUE,TRUE,TRUE,TRUE,TRUE,TRUE,TRUE,TRUE,TRUE,TRUE,TRUE,TRUE,TRUE,TRUE,TRUE,TRUE,TRUE,TRUE,TRUE,TRUE,TRUE,TRUE,TRUE,TRUE,TRUE,TRUE,TRUE,TRUE,TRUE,TRUE,TRUE,TRUE,TRUE,TRUE,TRUE,TRUE,TRUE,TRUE,TRUE,TRUE,TRUE,TRUE,TRUE,TRUE,TRUE,TRUE,TRUE,TRUE,TRUE,TRUE,TRUE,TRUE,TRUE,TRUE,TRUE,TRUE,TRUE,TRUE","0,0,1,0,0,0,0,0,0,0,0,1,0,0,0,0,0,0,0,0,0,0,0,0,0,0,0,0,0,0,0,0,0,0,1,0,0,0,0,0,0,0,0,0,0,0,0,0,0,0,0,0,1,0,0,0,0,0,0,0,0,0","TRUE,TRUE,TRUE,TRUE,TRUE,TRUE,TRUE,TRUE,TRUE,TRUE,TRUE,TRUE,TRUE,TRUE,TRUE,TRUE,TRUE,TRUE,TRUE,TRUE,TRUE,TRUE,TRUE,TRUE,TRUE,TRUE,TRUE,TRUE,TRUE,TRUE,TRUE,TRUE,TRUE,TRUE,TRUE,TRUE,TRUE,TRUE,TRUE,TRUE,TRUE,TRUE,TRUE,TRUE,TRUE,TRUE,TRUE,TRUE,TRUE,TRUE,TRUE,TRUE,TRUE,TRUE,TRUE,TRUE,TRUE,TRUE,TRUE,TRUE,TRUE,TRUE","1,1,1,1,1,1,1,1,1,1,1,1,1,1,1,1,1,1,1,1,1,1,1,1,1,1,1,1,1,1,1,1,1,1,1,1,1,1,1,1,1,1,1,1,1,1,1,1,1,1,1,1,1,1,1,1,1,1,1,1,1,1","TRUE,TRUE,TRUE,TRUE,TRUE,TRUE,TRUE,TRUE,TRUE,TRUE,TRUE,TRUE,TRUE,TRUE,TRUE,TRUE,TRUE,TRUE,TRUE,TRUE,TRUE,TRUE,TRUE,TRUE,TRUE,TRUE,TRUE,TRUE,TRUE,TRUE,TRUE,TRUE,TRUE,TRUE,TRUE,TRUE,TRUE,TRUE,TRUE,TRUE,TRUE,TRUE,TRUE,TRUE,TRUE,TRUE,TRUE,TRUE,TRUE,TRUE,TRUE,TRUE,TRUE,TRUE,TRUE,TRUE,TRUE,TRUE,TRUE,TRUE,TRUE,TRUE",".......................",NA,0,0,0,-2.656,"gatattgtgatgacccagactcc--------------
                |||||                
              cctctgactcagtagtgttatag",3,3,-3.09,"gacatccgggtgacccagtctcc
       ||||            
cctcagacccagtcgtgttatag",1,3,2,0,0.485507246376812,0,3,0,2,0,FALSE,TRUE,TRUE,TRUE,TRUE,TRUE,TRUE,TRUE,TRUE,FALSE,FALSE,TRUE,FALSE
"4fw","Sblattero1998|VK12back|4_fw","gaaacgacactcacgcagtctc","",22,0,"fw",1,1,"Sblattero1998",-178329.349904398,-482.437858508604,57.39,330.54,NA,NA,NA,NA,57.39,6.26,11,0.17741935483871,"61,61,61,61,61,70,61,58,58,58,58","82,82,82,82,82,91,82,79,79,79,79","","","FALSE,FALSE,FALSE,FALSE,FALSE,FALSE,FALSE,FALSE,FALSE,FALSE,FALSE","FALSE,FALSE,FALSE,FALSE,FALSE,FALSE,FALSE,FALSE,FALSE,FALSE,FALSE","","7,7,7,7,7,7,0,7,7,7,7","","(5,6,7,8,9,10,12),(5,6,7,8,9,10,12),(5,6,7,8,9,10,12),(5,6,7,8,9,10,12),(5,6,7,8,9,10,12),(5,6,7,8,10,12,15),(),(5,6,7,8,9,12,15),(5,6,7,8,9,12,15),(5,6,7,8,9,12,15),(5,6,7,8,9,12,15)","","48,49,53,55,56,58,60,61,62,63,64","-1,-1,-1,-1,-1,-1,-1,-1,-1,-1,-1","20,20,20,20,20,20,20,20,20,20,20","","","256,259,256,256,259,259,256,256,256,256,256","235,238,235,235,238,238,235,235,235,235,235","","",11,0.17741935483871,"61,61,61,61,61,70,61,58,58,58,58","82,82,82,82,82,91,82,79,79,79,79","","","FALSE,FALSE,FALSE,FALSE,FALSE,FALSE,FALSE,FALSE,FALSE,FALSE,FALSE","FALSE,FALSE,FALSE,FALSE,FALSE,FALSE,FALSE,FALSE,FALSE,FALSE,FALSE","","7,7,7,7,7,7,0,7,7,7,7","","(5,6,7,8,9,10,12),(5,6,7,8,9,10,12),(5,6,7,8,9,10,12),(5,6,7,8,9,10,12),(5,6,7,8,9,10,12),(5,6,7,8,10,12,15),(),(5,6,7,8,9,12,15),(5,6,7,8,9,12,15),(5,6,7,8,9,12,15),(5,6,7,8,9,12,15)","","48,49,53,55,56,58,60,61,62,63,64","-1,-1,-1,-1,-1,-1,-1,-1,-1,-1,-1","20,20,20,20,20,20,20,20,20,20,20","","","256,259,256,256,259,259,256,256,256,256,256","235,238,235,235,238,238,235,235,235,235,235","","",0,7,0.112903225806452,"61,61,61,61,61,70,61","82,82,82,82,82,91,82","","","FALSE,FALSE,FALSE,FALSE,FALSE,FALSE,FALSE","FALSE,FALSE,FALSE,FALSE,FALSE,FALSE,FALSE","","7,7,7,7,7,7,0","","(5,6,7,8,9,10,12),(5,6,7,8,9,10,12),(5,6,7,8,9,10,12),(5,6,7,8,9,10,12),(5,6,7,8,9,10,12),(5,6,7,8,10,12,15),()","","48,49,53,55,56,58,60","-1,-1,-1,-1,-1,-1,-1","20,20,20,20,20,20,20","","","256,259,256,256,259,259,256","235,238,235,235,238,238,235","","",11,0.17741935483871,"61,61,61,61,61,70,61","82,82,82,82,82,91,82","","","FALSE,FALSE,FALSE,FALSE,FALSE,FALSE,FALSE","FALSE,FALSE,FALSE,FALSE,FALSE,FALSE,FALSE","","7,7,7,7,7,7,0","","(5,6,7,8,9,10,12),(5,6,7,8,9,10,12),(5,6,7,8,9,10,12),(5,6,7,8,9,10,12),(5,6,7,8,9,10,12),(5,6,7,8,10,12,15),()","","48,49,53,55,56,58,60","-1,-1,-1,-1,-1,-1,-1","20,20,20,20,20,20,20","","","256,259,256,256,259,259,256","235,238,235,235,238,238,235","","",0,"0.00454545454545455,0.00454545454545455,0.00454545454545455,0.00454545454545455,0.00454545454545455,0.0484848484848485,0","TRUE,TRUE,TRUE,TRUE,TRUE,TRUE,TRUE,FALSE,FALSE,FALSE,FALSE","TRUE,TRUE,TRUE,TRUE,TRUE,TRUE,TRUE,FALSE,FALSE,FALSE,FALSE","0,0,0,0,0,0,0","TRUE,TRUE,TRUE,TRUE,TRUE,TRUE,TRUE,TRUE,TRUE,TRUE,TRUE","1,1,1,1,1,1,0","TRUE,TRUE,TRUE,TRUE,TRUE,TRUE,TRUE,TRUE,TRUE,TRUE,TRUE","......................",NA,0,0,0,-1.739,"            gaaacgacactcacgcagtctc
                ||                
ctctgacgcactcacagcaaag------------",4,4,-2.656,"gatattgtgctgacccagactcc--------------
                |||||                
               ctctgacgcactcacagcaaag",3,4,1,0,0.545454545454545,0,3,0,2,0,TRUE,TRUE,TRUE,TRUE,TRUE,TRUE,TRUE,TRUE,TRUE,FALSE,FALSE,TRUE,FALSE
